Source Platform,Asset Title,URL,Content Type,License Name,License URL,Suggested Learning Objective,Difficulty Level,Est. Duration,Assessment Availability,Visual/Interactive Tags,Priority (1-3),Notes
OpenStax,Calculus Volume 1,https://openstax.org/books/calculus-volume-1/pages/1-introduction,Textbook,CC BY 4.0,https://creativecommons.org/licenses/by/4.0/,"Understand limits, derivatives, and integrals through worked examples",Intro,~30 hrs,Yes – instructor test banks; auto-gradable via WebAssign,"Diagrams, Graphs",1,Peer-reviewed; Ch 1-5 ideal micro-unit split; partner HW available
OpenStax,Calculus Volume 2,https://openstax.org/books/calculus-volume-2/pages/1-introduction,Textbook,CC BY 4.0,https://creativecommons.org/licenses/by/4.0/,Apply integration techniques and series to real-world problems,Intermediate,~30 hrs,Yes – instructor test banks,"Diagrams, Graphs",1,Peer-reviewed; follows Calc 1; recommended clips: Ch 1-4
OpenStax,Algebra and Trigonometry 2e,https://openstax.org/books/algebra-and-trigonometry-2e/pages/1-introduction-to-prerequisites,Textbook,CC BY 4.0,https://creativecommons.org/licenses/by/4.0/,Solve algebraic and trigonometric equations for STEM pre-requisites,Intro,~25 hrs,Yes – instructor test banks,Diagrams,1,Peer-reviewed; solid pre-calculus foundation
OpenStax,Introductory Statistics 2e,https://openstax.org/books/introductory-statistics-2e/pages/1-introduction,Textbook,CC BY 4.0,https://creativecommons.org/licenses/by/4.0/,Interpret statistical data and apply probability concepts,Intro,~25 hrs,Yes – instructor test banks,"Graphs, Charts",1,Peer-reviewed; includes labs; Nexus Depth Engine can scaffold
OpenStax,University Physics Vol. 1 (Mechanics),https://openstax.org/books/university-physics-volume-1/pages/1-introduction,Textbook,CC BY 4.0,https://creativecommons.org/licenses/by/4.0/,Apply Newtonian mechanics to solve force and energy problems,Intro,~30 hrs,Yes – instructor test banks,"Diagrams, Illustrations",1,Peer-reviewed; pair with PhET simulations for labs
OpenStax,University Physics Vol. 2 (E&M),https://openstax.org/books/university-physics-volume-2/pages/1-introduction,Textbook,CC BY 4.0,https://creativecommons.org/licenses/by/4.0/,Analyze electric and magnetic fields and circuits,Intermediate,~30 hrs,Yes – instructor test banks,Diagrams,1,Peer-reviewed; critical for electrical trade track
OpenStax,University Physics Vol. 3 (Modern),https://openstax.org/books/university-physics-volume-3/pages/1-introduction,Textbook,CC BY 4.0,https://creativecommons.org/licenses/by/4.0/,"Explain wave optics, quantum mechanics, and modern physics",Advanced,~25 hrs,Yes – instructor test banks,Diagrams,2,Peer-reviewed; optics chapter useful for photonics track
OpenStax,College Physics 2e,https://openstax.org/books/college-physics-2e/pages/1-introduction-the-nature-of-science-and-physics,Textbook,CC BY 4.0,https://creativecommons.org/licenses/by/4.0/,Apply physics principles in algebra-based real-world contexts,Intro,~30 hrs,Yes – instructor test banks,"Diagrams, Photos",1,Peer-reviewed; lighter math than University Physics
OpenStax,Chemistry 2e,https://openstax.org/books/chemistry-2e/pages/1-introduction,Textbook,CC BY 4.0,https://creativecommons.org/licenses/by/4.0/,"Explain chemical bonding, reactions, and stoichiometry",Intro,~30 hrs,Yes – instructor test banks,Molecular diagrams,1,Peer-reviewed; strong visual supplements
OpenStax,Biology 2e,https://openstax.org/books/biology-2e/pages/1-introduction,Textbook,CC BY 4.0,https://creativecommons.org/licenses/by/4.0/,"Describe cell biology, genetics, and evolution principles",Intro,~35 hrs,Yes – instructor test banks,"Illustrations, Photos",1,Peer-reviewed; widely adopted in community colleges
OpenStax,Anatomy and Physiology 2e,https://openstax.org/books/anatomy-and-physiology-2e/pages/1-introduction,Textbook,CC BY 4.0,https://creativecommons.org/licenses/by/4.0/,Identify human body systems and their physiological functions,Intro,~40 hrs,Yes – instructor test banks,"Illustrations, 3D diagrams",1,Peer-reviewed; essential for healthcare/nursing vocational track
OpenStax,Principles of Accounting Vol. 1 (Financial),https://openstax.org/books/principles-financial-accounting/pages/1-why-it-matters,Textbook,CC BY 4.0,https://creativecommons.org/licenses/by/4.0/,Prepare financial statements using GAAP principles,Intro,~25 hrs,Yes – instructor test banks,"Tables, Charts",1,Peer-reviewed; aligns with CPA exam prep
OpenStax,Principles of Accounting Vol. 2 (Managerial),https://openstax.org/books/principles-managerial-accounting/pages/1-why-it-matters,Textbook,CC BY 4.0,https://creativecommons.org/licenses/by/4.0/,Apply cost analysis and budgeting for managerial decisions,Intermediate,~25 hrs,Yes – instructor test banks,"Charts, Spreadsheets",1,Peer-reviewed; build on Vol. 1
OpenStax,Principles of Economics 3e,https://openstax.org/books/principles-economics-3e/pages/1-introduction,Textbook,CC BY 4.0,https://creativecommons.org/licenses/by/4.0/,Analyze supply-demand equilibria and macroeconomic policy,Intro,~30 hrs,Yes – instructor test banks,"Graphs, Charts",1,Peer-reviewed; best split: Ch 1-9 micro / Ch 10+ macro
OpenStax,Introduction to Business,https://openstax.org/books/introduction-business/pages/1-introduction,Textbook,CC BY 4.0,https://creativecommons.org/licenses/by/4.0/,"Describe core business functions: marketing, finance, operations",Intro,~20 hrs,Yes – instructor test banks,"Infographics, Photos",1,Peer-reviewed; good onboarding for business track
OpenStax,Entrepreneurship,https://openstax.org/books/entrepreneurship/pages/1-introduction,Textbook,CC BY 4.0,https://creativecommons.org/licenses/by/4.0/,Develop a business plan and evaluate startup feasibility,Intermediate,~20 hrs,Yes – instructor test banks,Case studies,2,Peer-reviewed; project-based learning ready
OpenStax,Organizational Behavior,https://openstax.org/books/organizational-behavior/pages/1-introduction,Textbook,CC BY 4.0,https://creativecommons.org/licenses/by/4.0/,Apply motivation and leadership theories to workplace scenarios,Intermediate,~20 hrs,Yes – instructor test banks,Case studies,1,Peer-reviewed
OpenStax,Introduction to Python Programming,https://openstax.org/books/introduction-python-programming/pages/1-introduction,Textbook,CC BY 4.0,https://creativecommons.org/licenses/by/4.0/,Write Python scripts for data processing and automation,Intro,~20 hrs,Yes – instructor test banks,Code examples,1,Peer-reviewed; 2024 title; Nexus-ready CS intro
OpenStax,Foundations of Information Systems,https://openstax.org/books/foundations-information-systems/pages/preface,Textbook,CC BY 4.0,https://creativecommons.org/licenses/by/4.0/,"Explain IS architecture including databases, networks, and security",Intro,~20 hrs,Yes – instructor test banks,Diagrams,1,ACM/IEEE IS2020 aligned; ABET/AACSB accreditation ready
OpenStax,American Government 4e,https://openstax.org/books/american-government-4e/pages/preface,Textbook,CC BY-NC-SA 4.0,https://creativecommons.org/licenses/by-nc-sa/4.0/,Explain the structure and function of the U.S. federal government,Intro,~25 hrs,Yes – instructor test banks,"Photos, Maps",2,⚠️ NC/SA FLAG – non-commercial only; otherwise high quality
OpenStax,Microbiology,https://openstax.org/books/microbiology/pages/1-introduction,Textbook,CC BY 4.0,https://creativecommons.org/licenses/by/4.0/,Identify microbial pathogens and describe infection control practices,Intermediate,~30 hrs,Yes – instructor test banks,Microscopy photos,1,Peer-reviewed; key for healthcare vocational track
OpenStax,Nursing Skills,https://openstax.org/books/nursing-skills/pages/1-introduction,Textbook,CC BY 4.0,https://creativecommons.org/licenses/by/4.0/,Demonstrate clinical nursing skills and patient safety procedures,Vocational,~20 hrs,Yes – instructor test banks,"Clinical photos, Videos",1,Peer-reviewed; 2023 title; critical for nursing/healthcare track
MIT OCW,Introduction to Computer Science & Programming in Python (6.0001),https://ocw.mit.edu/courses/6-0001-introduction-to-computer-science-and-programming-in-python-fall-2016/,Course,CC BY-NC-SA 4.0,https://creativecommons.org/licenses/by-nc-sa/4.0/,"Write Python programs using data structures, algorithms, and OOP",Intro,~36 hrs,Problem sets (no auto-grade); 9 psets available,"Video lectures, Code demos",1,⚠️ NC/SA FLAG; most popular OCW CS course; lecture videos on YouTube
MIT OCW,Linear Algebra (18.06),https://ocw.mit.edu/courses/18-06-linear-algebra-spring-2010/,Course,CC BY-NC-SA 4.0,https://creativecommons.org/licenses/by-nc-sa/4.0/,Apply matrix operations and eigenvalue decomposition to STEM problems,Intermediate,~36 hrs,Problem sets + exams (manual),"Video lectures, Visual proofs",1,⚠️ NC/SA FLAG; Gilbert Strang lectures; highly recommended
MIT OCW,Single Variable Calculus (18.01SC),https://ocw.mit.edu/courses/18-01sc-single-variable-calculus-fall-2010/,Course,CC BY-NC-SA 4.0,https://creativecommons.org/licenses/by-nc-sa/4.0/,Compute derivatives and integrals of single-variable functions,Intro,~36 hrs,Problem sets + exams (manual),"Video lectures, Visualizations",1,⚠️ NC/SA FLAG; Scholar edition with more worked examples
MIT OCW,Introduction to Electrical Engineering and CS I (6.01SC),https://ocw.mit.edu/courses/6-01sc-introduction-to-electrical-engineering-and-computer-science-i-spring-2011/,Course,CC BY-NC-SA 4.0,https://creativecommons.org/licenses/by-nc-sa/4.0/,"Integrate programming, circuits, and signals in systems design",Intermediate,~40 hrs,Problem sets + labs (manual),"Video lectures, Lab simulations",1,⚠️ NC/SA FLAG; systems approach; no formal prereqs at MIT
MIT OCW,Circuits and Electronics (6.002),https://ocw.mit.edu/courses/6-002-circuits-and-electronics-spring-2007/,Course,CC BY-NC-SA 4.0,https://creativecommons.org/licenses/by-nc-sa/4.0/,"Analyze resistive, capacitive, and inductive circuits",Intermediate,~40 hrs,Problem sets + exams (manual),"Circuit diagrams, Simulations",1,⚠️ NC/SA FLAG; foundational for electrical trade students
MIT OCW,Mathematics for Computer Science (6.042J),https://ocw.mit.edu/courses/6-042j-mathematics-for-computer-science-spring-2015/,Course,CC BY-NC-SA 4.0,https://creativecommons.org/licenses/by-nc-sa/4.0/,"Apply discrete math, logic, and combinatorics to CS problems",Intermediate,~36 hrs,Problem sets + exams (manual),Proof diagrams,1,⚠️ NC/SA FLAG; essential CS theory foundation
MIT OCW,Multivariable Calculus (18.02SC),https://ocw.mit.edu/courses/18-02sc-multivariable-calculus-fall-2010/,Course,CC BY-NC-SA 4.0,https://creativecommons.org/licenses/by-nc-sa/4.0/,Compute partial derivatives and multiple integrals in 3D space,Intermediate,~36 hrs,Problem sets + exams (manual),3D visualizations,2,⚠️ NC/SA FLAG; prereq: 18.01
MIT OCW,Introduction to Algorithms (6.006),https://ocw.mit.edu/courses/6-006-introduction-to-algorithms-fall-2011/,Course,CC BY-NC-SA 4.0,https://creativecommons.org/licenses/by-nc-sa/4.0/,"Implement and analyze sorting, search, and graph algorithms",Intermediate,~36 hrs,Problem sets + exams (manual),Algorithm visualizations,1,⚠️ NC/SA FLAG; pairs well with CS Python intro
LibreTexts,LibreTexts Chemistry Library,https://chem.libretexts.org/,Textbook Collection,CC BY-NC-SA 4.0,https://creativecommons.org/licenses/by-nc-sa/4.0/,Explain chemical principles from atomic structure to organic reactions,Intro,Variable (~20-40 hrs),Some quizzes (embedded),"Molecular models, Interactive",2,⚠️ NC/SA FLAG; 2000+ texts; can remix chapters in Nexus
LibreTexts,LibreTexts Biology Library,https://bio.libretexts.org/,Textbook Collection,CC BY-NC-SA 4.0,https://creativecommons.org/licenses/by-nc-sa/4.0/,Describe biological processes from molecular to ecosystem levels,Intro,Variable,Some quizzes,"Illustrations, Diagrams",2,⚠️ NC/SA FLAG; remixable; pair with OpenStax Biology
LibreTexts,LibreTexts Math Library,https://math.libretexts.org/,Textbook Collection,CC BY-NC-SA 4.0,https://creativecommons.org/licenses/by-nc-sa/4.0/,"Solve mathematical problems across calculus, algebra, and statistics",Intro,Variable,Embedded exercises,"Graphs, Interactive",2,⚠️ NC/SA FLAG; 2000+ texts; use specific chapter ranges
LibreTexts,LibreTexts Engineering Library,https://eng.libretexts.org/,Textbook Collection,CC BY-NC-SA 4.0,https://creativecommons.org/licenses/by-nc-sa/4.0/,"Apply engineering principles to statics, dynamics, and thermodynamics",Intermediate,Variable,Some quizzes,Technical diagrams,2,⚠️ NC/SA FLAG; solid for mechanical/civil trade supplements
LibreTexts,LibreTexts Business Library,https://biz.libretexts.org/,Textbook Collection,CC BY-NC-SA 4.0,https://creativecommons.org/licenses/by-nc-sa/4.0/,"Apply business management concepts across finance, marketing, and HR",Intro,Variable,Embedded quizzes,Case studies,2,"⚠️ NC/SA FLAG; covers management, marketing, accounting"
Saylor Academy,CS101: Introduction to Computer Science I,https://learn.saylor.org/course/view.php?id=67,Course,CC BY 3.0,https://creativecommons.org/licenses/by/3.0/,Explain core CS principles and write introductory programs,Intro,~52 hrs,Yes – auto-gradable final exam; credit available,"Video, Text",1,ACE credit recommended; free final exam
Saylor Academy,CS102: Introduction to Computer Science II,https://learn.saylor.org/course/view.php?id=64,Course,CC BY 3.0,https://creativecommons.org/licenses/by/3.0/,Build data structures and algorithms in a programming language,Intermediate,~51 hrs,Yes – auto-gradable final exam,"Text, Code demos",1,Follows CS101; ACE credit
Saylor Academy,BUS101: Introduction to Business,https://learn.saylor.org/course/view.php?id=1,Course,CC BY 3.0,https://creativecommons.org/licenses/by/3.0/,"Describe core business operations, strategy, and ethics",Intro,~20 hrs,Yes – auto-gradable final exam; ACE credit,"Text, Case studies",1,ACE credit recommended; good standalone module
Saylor Academy,BUS105: Managerial Accounting,https://learn.saylor.org/course/view.php?id=2,Course,CC BY 3.0,https://creativecommons.org/licenses/by/3.0/,Apply cost accounting methods to managerial decision-making,Intermediate,~20 hrs,Yes – auto-gradable final exam,"Text, Spreadsheets",1,ACE credit; prereq: BUS101 or accounting basics
Saylor Academy,MA101: Single-Variable Calculus I,https://learn.saylor.org/course/view.php?id=65,Course,CC BY 3.0,https://creativecommons.org/licenses/by/3.0/,"Compute limits, derivatives, and basic integrals",Intro,~36 hrs,Yes – auto-gradable final exam,"Text, Diagrams",1,Good ACE-credit option alongside OpenStax Calculus 1
Saylor Academy,PHYS101: Introduction to Mechanics,https://learn.saylor.org/course/view.php?id=86,Course,CC BY 3.0,https://creativecommons.org/licenses/by/3.0/,"Analyze motion, forces, and energy using Newton's laws",Intro,~25 hrs,Yes – auto-gradable final exam,"Text, Diagrams",1,Pair with PhET simulations
Saylor Academy,CS301: Computer Architecture,https://learn.saylor.org/course/view.php?id=71,Course,CC BY 3.0,https://creativecommons.org/licenses/by/3.0/,"Explain CPU design, memory hierarchy, and instruction sets",Intermediate,~48 hrs,Yes – auto-gradable final exam,Diagrams,2,Good for hardware track; pairs with ITF+ cert prep
Saylor Academy,BUS203: Principles of Marketing,https://learn.saylor.org/course/view.php?id=3,Course,CC BY 3.0,https://creativecommons.org/licenses/by/3.0/,Apply the 4Ps of marketing to develop a marketing strategy,Intro,~20 hrs,Yes – auto-gradable final exam,Case studies,1,ACE credit recommended
OpenLearn,Introduction to Cyber Security: Stay Safe Online,https://www.open.edu/openlearn/digital-computing/introduction-cyber-security-stay-safe-online/content-section-overview,Course,CC BY-NC-SA 4.0,https://creativecommons.org/licenses/by-nc-sa/4.0/,Identify common cyber threats and implement basic digital safety practices,Vocational,~24 hrs,Badged – OU digital badge on completion,"Interactive, Quizzes",1,⚠️ NC/SA FLAG; badged open course; 24-hr structured module
OpenLearn,Introduction to Artificial Intelligence,https://www.open.edu/openlearn/digital-computing/an-introduction-artificial-intelligence/content-section-0,Course,CC BY-NC-SA 4.0,https://creativecommons.org/licenses/by-nc-sa/4.0/,Explain AI concepts including machine learning and neural networks,Intro,~8 hrs,Badged – quiz-based,"Video, Interactive",1,⚠️ NC/SA FLAG; great AI literacy module for any track
OpenLearn,Working in Teams,https://www.open.edu/openlearn/money-business/working-teams/content-section-0,Course,CC BY-NC-SA 4.0,https://creativecommons.org/licenses/by-nc-sa/4.0/,"Demonstrate effective teamwork, communication, and leadership skills",Vocational,~8 hrs,Badged – quiz-based,"Video, Case studies",2,⚠️ NC/SA FLAG; badged; workplace soft skills module
OpenLearn,Fundamentals of Cost Accounting,https://www.open.edu/openlearn/money-business/fundamentals-cost-accounting-and-environmental-management-accounting/content-section-overview,Course,CC BY-NC-SA 4.0,https://creativecommons.org/licenses/by-nc-sa/4.0/,Apply cost accounting to analyze business costs and support decisions,Intermediate,~16 hrs,Quiz-based,"Text, Case studies",2,⚠️ NC/SA FLAG; OU postgraduate-level
OpenLearn,Introducing Coding and Digital Literacy,https://www.open.edu/openlearn/digital-computing/introducing-coding/content-section-overview,Course,CC BY-NC-SA 4.0,https://creativecommons.org/licenses/by-nc-sa/4.0/,Write basic code and explain digital literacy concepts for the workplace,Intro,~8 hrs,Badged – quiz-based,Interactive exercises,1,⚠️ NC/SA FLAG; no-prior-experience required
OpenLearn,Diversity and Inclusion in the Workplace,https://www.open.edu/openlearn/money-business/diversity-and-inclusion-the-workplace/content-section-overview,Course,CC BY-NC-SA 4.0,https://creativecommons.org/licenses/by-nc-sa/4.0/,Recognize diversity challenges and apply inclusive workplace practices,Vocational,~8 hrs,Badged,"Video, Reflective exercises",2,⚠️ NC/SA FLAG; HR/management track
PhET – Univ. Colorado,Ohm's Law Interactive Simulation,https://phet.colorado.edu/en/simulations/ohms-law,Interactive Simulation,CC BY-NC 4.0,https://creativecommons.org/licenses/by-nc/4.0/,"Demonstrate the relationship between voltage, current, and resistance",Intro,~1 hr,Built-in challenge questions,"Interactive, Visual simulation",1,⚠️ NC FLAG; HTML5; free online; key for electrical trade track
PhET – Univ. Colorado,Circuit Construction Kit: DC,https://phet.colorado.edu/en/simulations/circuit-construction-kit-dc,Interactive Simulation,CC BY-NC 4.0,https://creativecommons.org/licenses/by-nc/4.0/,Build and test DC circuits using virtual components,Vocational,~1-2 hrs,Challenge questions built-in,"Interactive, Visual lab",1,⚠️ NC FLAG; excellent virtual lab substitute; no install needed
PhET – Univ. Colorado,Wave Interference Simulation,https://phet.colorado.edu/en/simulations/wave-interference,Interactive Simulation,CC BY-NC 4.0,https://creativecommons.org/licenses/by-nc/4.0/,"Visualize wave superposition, diffraction, and interference patterns",Intermediate,~1 hr,Challenge questions,Interactive simulation,2,⚠️ NC FLAG; optics + physics module
PhET – Univ. Colorado,Build an Atom,https://phet.colorado.edu/en/simulations/build-an-atom,Interactive Simulation,CC BY-NC 4.0,https://creativecommons.org/licenses/by-nc/4.0/,Construct atomic models and identify elements on the periodic table,Intro,~1 hr,Quiz game mode,"Interactive, Visual",1,⚠️ NC FLAG; chemistry intro; game-based learning mode
PhET – Univ. Colorado,Plate Tectonics Simulation,https://phet.colorado.edu/en/simulations/plate-tectonics,Interactive Simulation,CC BY-NC 4.0,https://creativecommons.org/licenses/by-nc/4.0/,Explain tectonic plate movement and geological phenomena,Intro,~1 hr,Challenge questions,Interactive simulation,3,⚠️ NC FLAG; Earth science / environmental studies
PhET – Univ. Colorado,Balancing Chemical Equations,https://phet.colorado.edu/en/simulations/balancing-chemical-equations,Interactive Simulation,CC BY-NC 4.0,https://creativecommons.org/licenses/by-nc/4.0/,Balance chemical equations using conservation of mass principles,Intro,~1 hr,Game mode with scoring,"Interactive, Gamified",1,⚠️ NC FLAG; Chemistry intro; great for vocational chemistry
PhET – Univ. Colorado,Projectile Motion,https://phet.colorado.edu/en/simulations/projectile-motion,Interactive Simulation,CC BY-NC 4.0,https://creativecommons.org/licenses/by-nc/4.0/,Analyze projectile trajectories using kinematic equations,Intro,~1 hr,Challenge questions,Interactive simulation,2,⚠️ NC FLAG; Physics intro; pairs with OpenStax College Physics
PhET – Univ. Colorado,Faraday's Law,https://phet.colorado.edu/en/simulations/faradays-law,Interactive Simulation,CC BY-NC 4.0,https://creativecommons.org/licenses/by-nc/4.0/,Demonstrate electromagnetic induction principles,Intermediate,~1 hr,Challenge questions,Interactive simulation,1,⚠️ NC FLAG; key for electrical engineering and trades
Khan Academy,Algebra 1 Full Course,https://www.khanacademy.org/math/algebra,Course,CC BY-NC-SA 4.0,https://creativecommons.org/licenses/by-nc-sa/4.0/,"Solve linear equations, inequalities, and functions",Intro,~30 hrs,Yes – auto-graded practice; mastery system,"Video, Interactive exercises",1,⚠️ NC/SA FLAG; mastery-based; excellent for remediation in Nexus
Khan Academy,AP Calculus AB,https://www.khanacademy.org/math/ap-calculus-ab,Course,CC BY-NC-SA 4.0,https://creativecommons.org/licenses/by-nc-sa/4.0/,"Compute limits, derivatives, and definite integrals",Intermediate,~40 hrs,Yes – auto-graded; AP-aligned,"Video, Practice",1,⚠️ NC/SA FLAG; strong supplement to OpenStax Calculus 1
Khan Academy,Computer Science Principles,https://www.khanacademy.org/computing/ap-computer-science-principles,Course,CC BY-NC-SA 4.0,https://creativecommons.org/licenses/by-nc-sa/4.0/,"Explain computing systems, algorithms, and data representation",Intro,~25 hrs,Yes – auto-graded; AP-aligned,"Interactive, Video",1,⚠️ NC/SA FLAG; AP-aligned CS intro; Nexus can adapt difficulty
Khan Academy,Intro to SQL: Querying and Managing Data,https://www.khanacademy.org/computing/computer-programming/sql,Course,CC BY-NC-SA 4.0,https://creativecommons.org/licenses/by-nc-sa/4.0/,"Write SQL queries to create, read, update, and delete database records",Intro,~5 hrs,Yes – auto-graded in-browser,Interactive coding,1,⚠️ NC/SA FLAG; browser-based SQL IDE; immediately practical
Khan Academy,Personal Finance,https://www.khanacademy.org/college-careers-more/personal-finance,Course,CC BY-NC-SA 4.0,https://creativecommons.org/licenses/by-nc-sa/4.0/,"Apply budgeting, investing, and debt management principles",Vocational,~10 hrs,Yes – auto-graded,"Video, Interactive",2,⚠️ NC/SA FLAG; essential life skills for vocational track
OER Commons,Welding Technology – OER Hub,https://www.oercommons.org/hubs/welding,OER Hub / Collection,Various (CC BY preferred),https://creativecommons.org/licenses/by/4.0/,"Identify welding processes, safety procedures, and joint preparation",Vocational,Variable,Some assessments,"Technical diagrams, Photos",2,Check individual asset licenses; filter by CC BY for Nexus import
OER Commons,STEM Adult Education Resources,https://www.oercommons.org/hubs/AE-STEM,OER Hub / Collection,Various (CC BY preferred),https://creativecommons.org/licenses/by/4.0/,Build STEM foundational skills for adult learners and career changers,Intro,Variable,Some auto-graded,Mixed,2,LINCS-partnered; filter for CC BY; strong adult education focus
OER Commons,OpenStax Ancillary Hub,https://www.oercommons.org/hubs/OpenStax,OER Hub / Collection,CC BY 4.0,https://creativecommons.org/licenses/by/4.0/,"Access instructor-shared slide decks, labs, and activities for OpenStax",Intro,Variable,Varies by asset,Mixed,1,Direct CC BY supplements; import with OpenStax textbooks
MERLOT,MERLOT Business Simulations Collection,https://www.merlot.org/merlot/viewMaterials.htm?filter.sublanguage=English&filter.materialType=Simulation&filter.category=Business&hasflash=0&hasjava=1&hasjavascript=1,Simulation Collection,Various (peer-reviewed),https://www.merlot.org/merlot/viewAbout.htm,Apply business strategy concepts through interactive decision simulations,Intermediate,Variable,Yes – embedded in simulations,Interactive simulations,2,Peer-reviewed 5-star items; filter CC BY before import
MERLOT,MERLOT Engineering Learning Objects,https://www.merlot.org/merlot/viewMaterials.htm?filter.sublanguage=English&filter.materialType=Animation&filter.category=EngineeringTechnology&hasflash=0,Animation/Simulation,Various (peer-reviewed),https://www.merlot.org/merlot/viewAbout.htm,Visualize engineering concepts through 3D animations and simulations,Intermediate,Variable,Some assessments,"Animations, Simulations",2,Peer-reviewed; verify license per item before import
NCCER,HVACR Level 1 – Introduction to HVACR,https://www.nccer.org/craft-catalog/hvacr/,Curriculum Module,Proprietary (purchase required),https://www.nccer.org/about/terms-of-use,"Identify HVAC components, refrigeration cycles, and safety practices",Vocational,~15 hrs/module,Yes – NCCERconnect auto-graded,"Technical diagrams, Videos",1,⚠️ PROPRIETARY – requires NCCERconnect subscription; industry standard
NCCER,Electrical Level 1 – Core + Intro Modules,https://www.nccer.org/craft-catalog/electrical/,Curriculum Module,Proprietary (purchase required),https://www.nccer.org/about/terms-of-use,"Identify electrical safety rules, NEC codes, and basic wiring practices",Vocational,~10-15 hrs/module,Yes – NCCERconnect,"Technical diagrams, Videos",1,⚠️ PROPRIETARY – industry credential standard; NEC-aligned
NCCER,Plumbing Level 1 – Introduction,https://www.nccer.org/craft-catalog/plumbing/,Curriculum Module,Proprietary (purchase required),https://www.nccer.org/about/terms-of-use,"Identify plumbing systems, materials, and installation fundamentals",Vocational,~10-15 hrs/module,Yes – NCCERconnect,"Technical diagrams, Videos",1,⚠️ PROPRIETARY – industry standard; basic electricity module included
Alison,Diploma in HVAC Technology,https://alison.com/course/diploma-in-hvac-technology,Course,Proprietary (free-to-access),https://alison.com/legal,"Describe HVAC system types, components, and maintenance procedures",Vocational,~10-15 hrs,Yes – final assessment 80% pass; CPD certified,"Video, Text",1,⚠️ PROPRIETARY – free access; CPD UK accredited; certificate purchase optional
Alison,Arc Welding and Cutting – OSHA,https://alison.com/course/arc-welding-and-cutting-osha,Course,Proprietary (free-to-access),https://alison.com/legal,Apply OSHA welding safety protocols and fire prevention measures,Vocational,~1-2 hrs,Yes – auto-graded quiz,"Video, Text",1,⚠️ PROPRIETARY – OSHA-aligned; quick compliance cert module
Alison,Nursing Studies – Patient Care and Hygiene,https://alison.com/course/nursing-studies-patient-care-and-hygiene,Course,Proprietary (free-to-access),https://alison.com/legal,Demonstrate proper patient care and hygiene practices in clinical settings,Vocational,~1.5-3 hrs,Yes – 80% pass required; CPD certified,"Video, Text",1,⚠️ PROPRIETARY – free; CPD certified; healthcare vocational track
Alison,IT Support (CompTIA A+ Aligned),https://alison.com/tag/comptia,Course,Proprietary (free-to-access),https://alison.com/legal,"Troubleshoot hardware, software, and network issues at IT support level",Vocational,~10-15 hrs,Yes – auto-graded assessments,"Video, Text",1,⚠️ PROPRIETARY – CompTIA A+ exam prep alignment; free content
Alison,Construction Site Safety (OSHA 10),https://alison.com/tag/construction,Course,Proprietary (free-to-access),https://alison.com/legal,Identify construction site hazards and apply OSHA fall-protection standards,Vocational,~10 hrs,Yes – auto-graded,"Video, Text",2,⚠️ PROPRIETARY – OSHA 10 construction-aligned; free access
OSHA.gov,Electrical Safety eTool,https://www.osha.gov/etools/electrical,eTool / Interactive,Public Domain (U.S. Gov),https://www.osha.gov/aboutosha/web-policies/copyright,Identify electrical workplace hazards and apply OSHA Subpart S standards,Vocational,~2-3 hrs,No formal assessment (reference tool),"Interactive diagrams, Photos",1,Public domain; free to embed; essential for electrical compliance training
OSHA.gov,Lockout/Tagout eTool,https://www.osha.gov/etools/lockout-tagout,eTool / Interactive,Public Domain (U.S. Gov),https://www.osha.gov/aboutosha/web-policies/copyright,Implement lockout/tagout energy-control procedures per 29 CFR 1910.147,Vocational,~2 hrs,No formal assessment,Interactive diagrams,1,Public domain; LOTO compliance; critical for any maintenance trade
OSHA.gov,Scaffolding eTool,https://www.osha.gov/etools/scaffolding,eTool / Interactive,Public Domain (U.S. Gov),https://www.osha.gov/aboutosha/web-policies/copyright,Identify scaffolding types and apply OSHA assembly and use standards,Vocational,~2 hrs,No formal assessment,Interactive diagrams,2,Public domain; construction track; free embed
OSHAcademy,Personal Protective Equipment (Course 108),https://www.oshacademy.com/courses/108-personal-protective-equipment-basic,Course,Proprietary (free-to-access),https://www.oshacademy.com/terms/,Select and use appropriate PPE for workplace hazard control,Vocational,~2 hrs,Yes – auto-graded quiz; certificate purchase optional,"Video, Text, Photos",1,⚠️ PROPRIETARY – free access; OSHA-aligned; certificate available
OSHAcademy,Energy Control (Lockout/Tagout) Course 710,https://www.oshacademy.com/courses/710-energy-control-program-lockout-tagout,Course,Proprietary (free-to-access),https://www.oshacademy.com/terms/,Develop and apply an energy control program for hazardous equipment,Vocational,~3 hrs,Yes – auto-graded,"Video, Text",1,⚠️ PROPRIETARY – free; 29 CFR 1910.147 aligned
CK-12,Physics FlexBook – Electricity & Magnetism,https://flexbooks.ck12.org/cbook/ck-12-physics-flexbook-2.0/section/18.0/primary/lesson/electric-fields-phys,Textbook / Interactive,CK-12 License (non-commercial),https://www.ck12.org/about/attribution-and-licensing/,"Explain electric fields, potential, and Ohm's law through interactive content",Intro,~5-10 hrs,Yes – embedded practice questions + adaptive assessments,"Interactive, Simulations",1,⚠️ CK-12 NC LICENSE – free; embedded PhET-style sims; adaptive
CK-12,Chemistry FlexBook – Atomic Structure,https://flexbooks.ck12.org/cbook/ck-12-chemistry-flexbook-2.0/section/4.0/primary/lesson/atomic-structure-chem,Textbook / Interactive,CK-12 License (non-commercial),https://www.ck12.org/about/attribution-and-licensing/,Describe atomic structure using Bohr and quantum mechanical models,Intro,~3-5 hrs,Yes – embedded practice,"Interactive, Visual models",1,⚠️ CK-12 NC LICENSE; AI tutor integrated
Open Textbook Library,Collaborative Statistics,https://open.umn.edu/opentextbooks/textbooks/collaborative-statistics,Textbook,CC BY 4.0,https://creativecommons.org/licenses/by/4.0/,Conduct descriptive and inferential statistical analysis with real datasets,Intro,~25 hrs,Yes – includes labs and homework,"Charts, Data tables",1,Peer-reviewed; CC BY; includes labs for active learning
Open Textbook Library,eMarketing: Essential Guide to Digital Marketing 7e,https://open.umn.edu/opentextbooks/textbooks/emarketing-the-essential-guide-to-marketing-in-a-digital-world,Textbook,CC BY-NC-SA 4.0,https://creativecommons.org/licenses/by-nc-sa/4.0/,"Apply digital marketing strategies including SEO, social media, and analytics",Intermediate,~15-20 hrs,No formal assessment,"Case studies, Infographics",2,⚠️ NC/SA FLAG; updated 7th ed.; highly practical
Open Textbook Library,Business Communication for Success,https://open.umn.edu/opentextbooks/textbooks/business-communication-for-success,Textbook,CC BY-NC-SA 4.0,https://creativecommons.org/licenses/by-nc-sa/4.0/,Write and present professional business communications effectively,Intro,~20 hrs,No formal assessment,"Examples, Exercises",2,⚠️ NC/SA FLAG; strong writing foundation for business track
Google Digital Garage,Fundamentals of Digital Marketing,https://learndigital.withgoogle.com/digitalgarage/course/digital-marketing,Course,Proprietary (free-to-access),https://learndigital.withgoogle.com/digitalgarage/terms,"Apply core digital marketing tactics including search, social, and analytics",Intro,~40 hrs,Yes – 40-question graded exam; Google/IAB certificate,"Video, Interactive modules",1,⚠️ PROPRIETARY – free; IAB certified; globally recognized; high completion rate
LinkedIn Learning,Python Essential Training,https://www.linkedin.com/learning/python-essential-training-14894233,Video Course,Proprietary (subscription or library),https://www.linkedin.com/legal/l/lsa,"Write Python scripts for automation, data handling, and APIs",Intro,~5 hrs,No auto-grade (certificate of completion),Video lectures,2,⚠️ PROPRIETARY – subscription; may be free via public library; Priority 2 for paid seat
edX / MIT,Data Science: Machine Learning (MicroMasters),https://www.edx.org/micromasters/mitx-statistics-and-data-science,Course (MicroMasters),Proprietary (audit free; cert paid),https://www.edx.org/edx-terms-service,"Build ML models using Python, statistics, and neural networks",Advanced,~15 weeks,Yes – auto-graded problem sets; proctored exams,"Video, Jupyter notebooks",2,⚠️ PROPRIETARY – audit free; certificate requires payment; MIT faculty
Coursera / UIUC,Auditing I: Conceptual Foundations of Auditing,https://www.coursera.org/learn/auditing-part1-conceptual-foundations,Course (audit),Proprietary (audit free),https://www.coursera.org/about/terms,Describe the independent auditing process and financial-statement assertions,Intermediate,~10 hrs,Yes – 34 assignments (paid); audit = no grade,Video lectures,2,⚠️ PROPRIETARY – audit free; graded cert requires payment
HVAC School,HVAC School Podcast + Free Training,https://hvacrschool.com,Audio/Video Training,Proprietary (free-to-access),https://hvacrschool.com,Diagnose and repair common HVAC/R equipment failures in the field,Vocational,Variable (100+ episodes),No formal assessment,"Video, Audio, Diagrams",2,⚠️ PROPRIETARY – for-techs-by-techs; strong supplemental vocational resource
GCFGlobal,Microsoft Excel Tutorial,https://edu.gcfglobal.org/en/excel2016/,Tutorial,Proprietary (free-to-access),https://edu.gcfglobal.org/en/terms/,"Use Excel for data entry, formulas, charts, and basic analysis",Vocational,~5-8 hrs,Yes – practice activities,"Interactive, Screenshots",2,⚠️ PROPRIETARY – free; practical office skills; vocational/business
GCFGlobal,Microsoft Word Tutorial,https://edu.gcfglobal.org/en/word2016/,Tutorial,Proprietary (free-to-access),https://edu.gcfglobal.org/en/terms/,Create and format professional documents using Microsoft Word,Vocational,~3-5 hrs,Yes – practice activities,"Interactive, Screenshots",2,⚠️ PROPRIETARY – free; essential workplace literacy
CodeHS,Intro to Computer Science (Python),https://codehs.com/course/python_intro/overview,Course,Proprietary (free teacher tier),https://codehs.com/tos,"Write Python programs using functions, loops, and conditionals",Intro,~30 hrs,Yes – auto-graded coding exercises,"Interactive IDE, Video",1,⚠️ PROPRIETARY – free tier available; browser-based Python IDE
freeCodeCamp,Responsive Web Design Certification,https://www.freecodecamp.org/learn/2022/responsive-web-design/,Certification Path,BSD (open source),https://github.com/freeCodeCamp/freeCodeCamp/blob/main/LICENSE.md,"Build accessible, responsive websites using HTML5, CSS3, and Flexbox",Intro,~300 hrs,Yes – project-based auto-graded,Interactive browser editor,1,BSD license; fully open source; career-ready certification path
freeCodeCamp,JavaScript Algorithms and Data Structures,https://www.freecodecamp.org/learn/javascript-algorithms-and-data-structures/,Certification Path,BSD (open source),https://github.com/freeCodeCamp/freeCodeCamp/blob/main/LICENSE.md,Implement JavaScript algorithms and ES6 features for web development,Intermediate,~300 hrs,Yes – 5 projects + 140 challenges,Interactive browser editor,1,BSD license; Nexus can slice by module; very practical
GCFGlobal,Career Planning Basics,https://edu.gcfglobal.org/en/career-planning/,Tutorial,Proprietary (free-to-access),https://edu.gcfglobal.org/en/terms/,"Develop a job search strategy, résumé, and interview skills",Vocational,~3 hrs,Yes – activities and quizzes,"Interactive, Video",2,⚠️ PROPRIETARY – free; vocational career readiness module
OpenLearn,An Introduction to Electronics,https://www.open.edu/openlearn/science-maths-technology/an-introduction-to-electronics/content-section-0,Course,CC BY-NC-SA 4.0,https://creativecommons.org/licenses/by-nc-sa/4.0/,Explain basic electronic components and circuit behavior,Intro,~8 hrs,Quiz-based,"Diagrams, Interactive",1,⚠️ NC/SA FLAG; OU-produced; excellent electronics intro for trades
OpenLearn,Engineering: The Nature of Problems,https://www.open.edu/openlearn/science-maths-technology/engineering/engineering-the-nature-problems/content-section-0,Course,CC BY-NC-SA 4.0,https://creativecommons.org/licenses/by-nc-sa/4.0/,Apply engineering problem-solving frameworks to real-world design challenges,Intro,~8 hrs,Quiz-based,"Case studies, Diagrams",2,⚠️ NC/SA FLAG; OU-produced; good intro to engineering mindset
Smarthistory,Survey of Art History,https://smarthistory.org/,OER Textbook,CC BY-NC-SA 4.0,https://creativecommons.org/licenses/by-nc-sa/4.0/,Analyze major artworks in their historical and cultural contexts,Intro,~40 hrs,No formal assessment,"High-res images, Video",3,⚠️ NC/SA FLAG; peer-reviewed; used in 900+ institutions
MIT OCW,Operations Management (15.760),https://ocw.mit.edu/courses/15-760b-introduction-to-operations-management-spring-2004/,Course,CC BY-NC-SA 4.0,https://creativecommons.org/licenses/by-nc-sa/4.0/,"Apply lean, queuing, and supply-chain models to operations decisions",Intermediate,~36 hrs,Problem sets + cases (manual),Case studies,2,⚠️ NC/SA FLAG; Sloan School; business operations track
MIT OCW,Financial Accounting (15.501),https://ocw.mit.edu/courses/15-501-introduction-to-financial-accounting-spring-2004/,Course,CC BY-NC-SA 4.0,https://creativecommons.org/licenses/by-nc-sa/4.0/,Prepare and interpret financial statements under GAAP,Intermediate,~36 hrs,Problem sets + exams (manual),"Spreadsheets, Cases",1,⚠️ NC/SA FLAG; Sloan School; pairs with OpenStax Accounting
LibreTexts,Electrical Technology (Workforce),https://workforce.libretexts.org/Bookshelves/Electrical_Technology,Textbook,CC BY 4.0,https://creativecommons.org/licenses/by/4.0/,"Understand electrical systems, safety, NEC code basics, and wiring",Vocational,~20 hrs,Some quizzes,Technical diagrams,1,CC BY – LibreTexts Workforce; NEC-aligned; ideal for electrical vocational
LibreTexts,Welding Technology (Workforce),https://workforce.libretexts.org/Bookshelves/Welding_Technology,Textbook,CC BY 4.0,https://creativecommons.org/licenses/by/4.0/,"Identify welding processes, joint types, and metallurgy fundamentals",Vocational,~15-20 hrs,Some quizzes,"Technical diagrams, Photos",1,CC BY – LibreTexts Workforce; excellent OER for welding track
LibreTexts,HVAC Technology (Workforce),https://workforce.libretexts.org/Bookshelves/HVAC_Technology,Textbook,CC BY 4.0,https://creativecommons.org/licenses/by/4.0/,"Explain refrigeration cycles, load calculations, and system maintenance",Vocational,~20 hrs,Some quizzes,Technical diagrams,1,CC BY – LibreTexts Workforce; supplement with NCCER modules
LibreTexts,Automotive Technology (Workforce),https://workforce.libretexts.org/Bookshelves/Automotive_Technology,Textbook,CC BY 4.0,https://creativecommons.org/licenses/by/4.0/,Diagnose and repair common automotive systems using OBD-II data,Vocational,~20 hrs,Some quizzes,"Diagrams, Photos",2,CC BY – LibreTexts Workforce; ASE-aligned content
LibreTexts,Medical Terminology,https://med.libretexts.org/Bookshelves/Medical_Terminology,Textbook,CC BY 4.0,https://creativecommons.org/licenses/by/4.0/,Define and apply medical terminology across body systems,Vocational,~10-15 hrs,Embedded quizzes,Anatomical diagrams,1,CC BY – essential for healthcare/nursing vocational track
MIT OCW,Design and Analysis of Algorithms (6.046J),https://ocw.mit.edu/courses/6-046j-design-and-analysis-of-algorithms-spring-2015/,Course,CC BY-NC-SA 4.0,https://creativecommons.org/licenses/by-nc-sa/4.0/,Design efficient algorithms and prove correctness and complexity bounds,Advanced,~36 hrs,Problem sets + exams (manual),Algorithm diagrams,2,⚠️ NC/SA FLAG; upper CS; prereq: 6.006
OpenStax,Concepts of Biology,https://openstax.org/books/concepts-biology/pages/1-introduction,Textbook,CC BY 4.0,https://creativecommons.org/licenses/by/4.0/,Explain fundamental biological concepts for non-biology majors,Intro,~20 hrs,Yes – instructor test banks,"Illustrations, Photos",2,Peer-reviewed; lighter coverage than Biology 2e; accessible
OpenStax,Precalculus 2e,https://openstax.org/books/precalculus-2e/pages/1-introduction-to-functions,Textbook,CC BY 4.0,https://creativecommons.org/licenses/by/4.0/,"Analyze functions, trigonometry, and sequences as calculus prerequisites",Intro,~25 hrs,Yes – instructor test banks,"Graphs, Diagrams",1,Peer-reviewed; essential bridge for students entering STEM
OpenStax,Prealgebra 2e,https://openstax.org/books/prealgebra-2e/pages/1-introduction,Textbook,CC BY 4.0,https://creativecommons.org/licenses/by/4.0/,"Master integer operations, fractions, and introductory algebra",Intro,~20 hrs,Yes – instructor test banks,Diagrams,1,Peer-reviewed; remediation / developmental math for Nexus Depth Engine
Saylor Academy,CHEM101: General Chemistry I,https://learn.saylor.org/course/view.php?id=60,Course,CC BY 3.0,https://creativecommons.org/licenses/by/3.0/,"Explain atomic structure, bonding, and stoichiometry",Intro,~30 hrs,Yes – auto-gradable final exam,"Text, Diagrams",1,ACE credit recommended; pairs with PhET chemistry sims
MIT OCW,Introduction to Biology (7.01SC),https://ocw.mit.edu/courses/7-01sc-fundamentals-of-biology-fall-2011/,Course,CC BY-NC-SA 4.0,https://creativecommons.org/licenses/by-nc-sa/4.0/,"Explain DNA, cell biology, genetics, and evolutionary biology",Intro,~36 hrs,Problem sets + exams (manual),"Video lectures, Diagrams",2,⚠️ NC/SA FLAG; MIT Scholar edition; strong supplement to OpenStax Bio
OpenLearn,Starting with Maths,https://www.open.edu/openlearn/science-maths-technology/mathematics-and-statistics/mathematics/starting-with-maths/content-section-0,Course,CC BY-NC-SA 4.0,https://creativecommons.org/licenses/by-nc-sa/4.0/,"Build confidence with numbers, fractions, and basic algebra",Intro,~8 hrs,Badged – quiz-based,Interactive exercises,1,⚠️ NC/SA FLAG; ideal for adult learners entering STEM or trades
